Workbook

Sheet Массив данных
A1: СРЕДНИЕ ГОДОВЫЕ (Н ср) И МАКСИМАЛЬНЫЕ (Н макс) УРОВНИ ВОДЫ ПО ОГП ВОЛГОГРАДСКОГО ВДХР (1986-2018), см. граф.постов
A3: Пор. № | B3: Год | C3: Балаково, ГЭС, н/б | E3: Вольск | G3: Маркс | I3: Саратов | K3: Ровное | M3: Камышин | O3: Дубовка | Q3: Волжский
C4: Н ср | D4: Н макс | E4: Н ср | F4: Н макс | G4: Н ср | H4: Н макс | I4: Н ср | J4: Н макс | K4: Н ср | L4: Н макс | M4: Н ср | N4: Н макс | O4: Н ср | P4: Н макс | Q4: Н ср | R4: Н макс
A6: 1 | B6: 1986 | C6: 694 | D6: 1138 | E6: 636 | F6: 1022 | G6: 529 | H6: 792 | I6: 469 | J6: 624 | K6: 439 | L6: 534 | M6: 435 | N6: 528 | O6: 432 | P6: 522 | Q6: 431 | R6: 529
A7: =A6+1 -> 2 | B7: =B6+1 -> 1987 | C7: 695 | D7: 1098 | E7: 636 | F7: 995 | G7: 534 | H7: 774 | I7: 480 | J7: 631 | K7: 451 | L7: 538 | M7: 447 | N7: 527 | O7: 443 | P7: 530 | Q7: 439 | R7: 532
A8: =A7+1 -> 3 | B8: =B7+1 -> 1988 | M8: 445 | N8: 520 | O8: 442 | P8: 519 | Q8: 439 | R8: 517
A9: =A8+1 -> 4 | B9: =B8+1 -> 1989 | C9: 588 | D9: 1093 | E9: 566 | F9: 1002 | G9: 483 | H9: 750 | I9: 456 | J9: 577 | K9: 437 | L9: 522 | M9: 436 | N9: 523 | O9: 432 | P9: 517 | Q9: 430 | R9: 516
A10: =A9+1 -> 5 | B10: =B9+1 -> 1990 | C10: 709 | D10: 1094 | E10: 675 | F10: 992 | G10: 573 | H10: 770 | I10: 516 | J10: 600 | K10: 486 | L10: 531 | M10: 478 | N10: 519 | O10: 473 | P10: 517 | Q10: 473 | R10: 519
A11: =A10+1 -> 6 | B11: =B10+1 -> 1991 | C11: 709 | D11: 1257 | E11: 670 | F11: 1155 | G11: 568 | H11: 878 | I11: 509 | J11: 703 | K11: 479 | L11: 604 | M11: 471 | N11: 565 | O11: 467 | P11: 563 | Q11: 465 | R11: 560
A12: =A11+1 -> 7 | B12: =B11+1 -> 1992 | C12: 655 | D12: 1061 | E12: 626 | F12: 979 | G12: 540 | H12: 760 | I12: 498 | J12: 603 | K12: 477 | L12: 521 | M12: 471 | N12: 514 | O12: 470 | P12: 514 | Q12: 467 | R12: 511
A13: =A12+1 -> 8 | B13: =B12+1 -> 1993 | C13: 671 | D13: 1055 | E13: 644 | F13: 970 | G13: 543 | H13: 750 | I13: 494 | J13: 589 | K13: 469 | L13: 522 | M13: 463 | N13: 510 | O13: 459 | P13: 512 | Q13: 458 | R13: 510
A14: =A13+1 -> 9 | B14: =B13+1 -> 1994 | C14: 738 | D14: 1170 | E14: 690 | F14: 1033 | G14: 571 | H14: 784 | I14: 509 | J14: 606 | K14: 474 | L14: 534 | M14: 461 | N14: 513 | O14: 458 | P14: 513 | Q14: 457 | R14: 510
A15: =A14+1 -> 10 | B15: =B14+1 -> 1995 | C15: 671 | D15: 1193 | E15: 637 | F15: 1072 | G15: 554 | H15: 832 | I15: 505 | J15: 656 | K15: 481 | L15: 558 | M15: 470 | N15: 518 | O15: 469 | P15: 527 | Q15: 469 | R15: 527
A16: =A15+1 -> 11 | B16: =B15+1 -> 1996 | C16: 560 | D16: 965 | E16: 537 | F16: 844 | G16: 487 | H16: 674 | I16: 463 | J16: 547 | K16: 454 | L16: 528 | M16: 451 | N16: 525 | O16: 452 | P16: 526 | Q16: 451 | R16: 526
A17: =A16+1 -> 12 | B17: =B16+1 -> 1997 | C17: 625 | D17: 1096 | E17: 601 | F17: 984 | G17: 531 | H17: 764 | I17: 492 | J17: 611 | K17: 473 | L17: 550 | M17: 468 | N17: 518 | O17: 466 | P17: 513 | Q17: 464 | R17: 508
A18: =A17+1 -> 13 | B18: =B17+1 -> 1998 | C18: 676 | D18: 1120 | E18: 638 | F18: 1013 | G18: 551 | H18: 782 | I18: 501 | J18: 618 | K18: 475 | L18: 539 | M18: 467 | N18: 512 | O18: 464 | P18: 506 | Q18: 461 | R18: 502
A19: =A18+1 -> 14 | B19: =B18+1 -> 1999 | C19: 684 | D19: 1099 | E19: 645 | F19: 1022 | G19: 556 | H19: 784 | I19: 502 | J19: 584 | K19: 472 | L19: 525 | M19: 464 | N19: 521 | O19: 461 | P19: 515 | Q19: 459 | R19: 513
A20: =A19+1 -> 15 | B20: =B19+1 -> 2000 | C20: 628 | D20: 1080 | E20: 600 | F20: 992 | G20: 531 | H20: 768 | I20: 498 | J20: 614 | K20: 476 | L20: 531 | M20: 476 | N20: 517 | O20: 474 | P20: 518 | Q20: 474 | R20: 518
A21: =A20+1 -> 16 | B21: =B20+1 -> 2001 | D21: 1148 | E21: 640 | F21: 1051 | G21: 580 | H21: 825 | I21: 517 | J21: 661 | K21: 492 | L21: 560 | M21: 490 | N21: 532 | O21: 485 | P21: 527 | Q21: 487 | R21: 514
A22: =A21+1 -> 17 | B22: =B21+1 -> 2002 | C22: 652 | D22: 1076 | E22: 631 | F22: 996 | G22: 554 | H22: 780 | I22: 510 | J22: 617 | K22: 485 | L22: 529 | M22: 484 | N22: 524 | O22: 481 | P22: 530 | Q22: 480 | R22: 528
A23: =A22+1 -> 18 | B23: =B22+1 -> 2003 | C23: 632 | D23: 1092 | E23: 611 | F23: 991 | G23: 552 | H23: 784 | I23: 511 | J23: 616 | K23: 492 | L23: 537 | M23: 491 | N23: 524 | O23: 486 | P23: 518 | Q23: 486 | R23: 517
A24: =A23+1 -> 19 | B24: =B23+1 -> 2004 | C24: 638 | D24: 1100 | E24: 624 | F24: 1014 | G24: 552 | H24: 784 | I24: 503 | J24: 609 | K24: 483 | L24: 532 | M24: 479 | N24: 527 | O24: 476 | P24: 528 | Q24: 478 | R24: 530
A25: =A24+1 -> 20 | B25: =B24+1 -> 2005 | C25: 668 | D25: 1166 | E25: 662 | F25: 1110 | G25: 575 | H25: 842 | I25: 519 | J25: 669 | K25: 496 | L25: 577 | M25: 488 | N25: 532 | O25: 487 | P25: 544 | Q25: 490 | R25: 537
A26: =A25+1 -> 21 | B26: =B25+1 -> 2006 | C26: 584 | D26: 985 | E26: 575 | F26: 922 | G26: 529 | H26: 726 | I26: 493 | J26: 595 | K26: 482 | L26: 550 | M26: 475 | N26: 533 | O26: 479 | P26: 529 | Q26: 480 | R26: 531
A27: =A26+1 -> 22 | B27: =B26+1 -> 2007 | C27: 666 | D27: 1095 | E27: 652 | F27: 992 | G27: 572 | H27: 786 | I27: 508 | J27: 629 | K27: 483 | L27: 541 | M27: 473 | N27: 517 | O27: 475 | P27: 521 | Q27: 475 | R27: 521
A28: =A27+1 -> 23 | B28: =B27+1 -> 2008 | C28: 606 | D28: 1116 | E28: 599 | F28: 1012 | G28: 537 | H28: 791 | I28: 495 | J28: 627 | K28: 474 | L28: 569 | M28: 469 | N28: 546 | O28: 472 | P28: 546 | Q28: 472 | R28: 549
A29: =A28+1 -> 24 | B29: =B28+1 -> 2009 | C29: 616 | D29: 1110 | E29: 606 | F29: 988 | G29: 538 | H29: 770 | I29: 493 | J29: 610 | K29: 473 | L29: 545 | M29: 468 | N29: 529 | O29: 470 | P29: 524 | Q29: 468 | R29: 524
A30: =A29+1 -> 25 | B30: =B29+1 -> 2010 | C30: 572 | D30: 1107 | E30: 548 | F30: 990 | G30: 490 | H30: 776 | I30: 454 | J30: 611 | K30: 437 | L30: 560 | M30: 433 | N30: 546 | O30: 435 | P30: 542 | Q30: 436 | R30: 530
A31: =A30+1 -> 26 | B31: =B30+1 -> 2011 | C31: 571 | D31: 1072 | E31: 547 | F31: 980 | G31: 490 | H31: 771 | I31: 456 | J31: 614 | K31: 439 | L31: 549 | M31: 436 | N31: 523 | O31: 439 | P31: 522 | Q31: 442 | R31: 528
A32: =A31+1 -> 27 | B32: =B31+1 -> 2012 | C32: 612 | D32: 1133 | E32: 582 | F32: 992 | G32: 519 | H32: 758 | I32: 483 | J32: 615 | K32: 465 | L32: 552 | M32: 460 | N32: 537 | O32: 460 | P32: 532 | Q32: 460 | R32: 532
A33: =A32+1 -> 28 | B33: =B32+1 -> 2013 | C33: 664 | D33: 1123 | E33: 621 | F33: 1016 | G33: 548 | H33: 773 | I33: 503 | J33: 593 | K33: 482 | L33: 537 | M33: 470 | N33: 520 | O33: 469 | P33: 516 | Q33: 469 | R33: 517
... A38: =A37+1 -> 33 | B38: =B37+1 -> 2018 | C38: 647 | D38: 1138 | E38: 624 | F38: 1030 | G38: 522 | H38: 766 | I38: 488 | J38: 591 | K38: 470 | L38: 520 | M38: 458 | N38: 509 | O38: 457 | P38: 513 | Q38: 458 | R38: 513
A40: Ср.многолетн.зн.: | C40: =SUM(C6:C38)/31 -> 642.58065 | D40: =SUM(D6:D38)/32 -> 1096.7188 | E40: =SUM(E6:E38)/32 -> 615.34375 | F40: =SUM(F6:F38)/32 -> 999.4375 | G40: =SUM(G6:G38)/32 -> 537.3125 | H40: =SUM(H6:H38)/32 -> 775.125 | I40: =SUM(I6:I38)/32 -> 492.90625 | J40: =SUM(J6:J38)/32 -> 612.78125 | K40: =SUM(K6:K38)/32 -> 471.15625 | L40: =SUM(L6:L38)/32 -> 541.84375 | M40: =SUM(M6:M38)/33 -> 464.30303 | N40: =SUM(N6:N38)/33 -> 524.54545 | O40: =SUM(O6:O38)/33 -> 462.93939 | P40: =SUM(P6:P38)/33 -> 524.45455 | Q40: =SUM(Q6:Q38)/33 -> 462.54545 | R40: =SUM(R6:R38)/33 -> 523.33333
A41: Ср.многолетн.макс.: | C41: =MAX(C6:C38) -> 738 | D41: =MAX(D6:D38) -> 1257 | E41: =MAX(E6:E38) -> 690 | F41: =MAX(F6:F38) -> 1155 | G41: =MAX(G6:G38) -> 580 | H41: =MAX(H6:H38) -> 878 | I41: =MAX(I6:I38) -> 519 | J41: =MAX(J6:J38) -> 703 | ... R41: =MAX(R6:R38) -> 560
B42: Год= | C42: 1994 | D42: 1991 | E42: 1994 | F42: 1991 | G42: 2001 | H42: 1991 | I42: 2005 | J42: 1991 | K42: 2005 | L42: 1991 | M42: 2003 | N42: 1991 | O42: 2005 | P42: 1991 | Q42: 2005 | R42: 1991
A43: Ср.многолетн.мин.: | C43: =MIN(C6:C38) -> 560 | D43: =MIN(D6:D38) -> 844 | E43: =MIN(E6:E38) -> 537 | F43: =MIN(F6:F38) -> 804 | G43: =MIN(G6:G38) -> 483 | H43: =MIN(H6:H38) -> 656 | I43: =MIN(I6:I38) -> 454 | J43: =MIN(J6:J38) -> 547 | ... R43: =MIN(R6:R38) -> 502
B44: Год= | C44: 1996 | D44: 2015 | E44: 1996 | F44: 2015 | G44: 1989 | H44: 2015 | I44: 2010 | J44: 2015 | K44: 1989; 2010 | L44: 2015 | M44: 2010 | N44: 2018 | O44: 1986; -89 | P44: 1998 | Q44: 1989 | R44: 1998
A46: СРЕДНИЕ ГОДОВЫЕ (Н ср) И МАКСИМАЛЬНЫЕ (Н макс) УРОВНИ ВОДЫ ПО ОГП ВОЛГОГРАДСКОГО ВДХР (1986-2018), м Абс. | T46: Восполнение недостающих данных по аналогиям
A47: С восполнением недостающих данных по аналогиям (см. Таблицу правее →)
A48: Пор. № | B48: Год | C48: Балаково, ГЭС, н/б | E48: Вольск | G48: Маркс | I48: Саратов | K48: Ровное | M48: Камышин | O48: Дубовка | Q48: Волжский | T48: Пор. № | U48: Год | V48: Балаково, ГЭС, н/б | X48: Вольск | Z48: Маркс | AB48: Саратов | AD48: Ровное | AF48: Камышин | AH48: Дубовка | AJ48: Волжский
C49: Н ср | D49: Н макс | E49: Н ср | F49: Н макс | G49: Н ср | H49: Н макс | I49: Н ср | J49: Н макс | K49: Н ср | L49: Н макс | M49: Н ср | N49: Н макс | O49: Н ср | P49: Н макс | Q49: Н ср | R49: Н макс | V49: Н ср | W49: Н макс | X49: Н ср | Y49: Н макс | Z49: Н ср | AA49: Н макс | AB49: Н ср | AC49: Н макс | AD49: Н ср | AE49: Н макс | AF49: Н ср | AG49: Н макс | AH49: Н ср | AI49: Н макс | AJ49: Н ср | AK49: Н макс
A51: =A6 -> 1 | B51: =B6 -> 1986 | C51: =IF(ISNUMBER(C6),10+0.01*C6,V51) -> 16.94 | D51: =IF(ISNUMBER(D6),10+0.01*D6,W51) -> 21.38 | E51: =IF(ISNUMBER(E6),10+0.01*E6,X51) -> 16.36 | F51: =IF(ISNUMBER(F6),10+0.01*F6,Y51) -> 20.22 | G51: =IF(ISNUMBER(G6),10+0.01*G6,Z51) -> 15.29 | H51: =IF(ISNUMBER(H6),10+0.01*H6,AA51) -> 17.92 | I51: =IF(ISNUMBER(I6),10+0.01*I6,AB51) -> 14.69 | J51: =IF(ISNUMBER(J6),10+0.01*J6,AC51) -> 16.24 | ... L51: =IF(ISNUMBER(L6),10+0.01*L6,AE51) -> 15.34 | M51: =IF(ISNUMBER(M6),10+0.01*M6,"") -> 14.35 | N51: =IF(ISNUMBER(N6),10+0.01*N6,"") -> 15.28 | O51: =IF(ISNUMBER(O6),10+0.01*O6,"") -> 14.32 | P51: =IF(ISNUMBER(P6),10+0.01*P6,"") -> 15.22 | Q51: =IF(ISNUMBER(Q6),10+0.01*Q6,"") -> 14.31 | R51: =IF(ISNUMBER(R6),10+0.01*R6,"") -> 15.29 | T51: 1 | U51: 1986
A52: =A7 -> 2 | B52: =B7 -> 1987 | C52: =IF(ISNUMBER(C7),10+0.01*C7,V52) -> 16.95 | D52: =IF(ISNUMBER(D7),10+0.01*D7,W52) -> 20.98 | E52: =IF(ISNUMBER(E7),10+0.01*E7,X52) -> 16.36 | F52: =IF(ISNUMBER(F7),10+0.01*F7,Y52) -> 19.95 | G52: =IF(ISNUMBER(G7),10+0.01*G7,Z52) -> 15.34 | H52: =IF(ISNUMBER(H7),10+0.01*H7,AA52) -> 17.74 | I52: =IF(ISNUMBER(I7),10+0.01*I7,AB52) -> 14.8 | J52: =IF(ISNUMBER(J7),10+0.01*J7,AC52) -> 16.31 | ... L52: =IF(ISNUMBER(L7),10+0.01*L7,AE52) -> 15.38 | M52: =IF(ISNUMBER(M7),10+0.01*M7,"") -> 14.47 | N52: =IF(ISNUMBER(N7),10+0.01*N7,"") -> 15.27 | O52: =IF(ISNUMBER(O7),10+0.01*O7,"") -> 14.43 | P52: =IF(ISNUMBER(P7),10+0.01*P7,"") -> 15.3 | Q52: =IF(ISNUMBER(Q7),10+0.01*Q7,"") -> 14.39 | R52: =IF(ISNUMBER(R7),10+0.01*R7,"") -> 15.32 | T52: 2 | U52: 1987
A53: =A8 -> 3 | B53: =B8 -> 1988 | C53: =IF(ISNUMBER(C8),10+0.01*C8,V53) -> 16.24 | D53: =IF(ISNUMBER(D8),10+0.01*D8,W53) -> 21.71 | E53: =IF(ISNUMBER(E8),10+0.01*E8,X53) -> 16.08 | F53: =IF(ISNUMBER(F8),10+0.01*F8,Y53) -> 20.61 | G53: =IF(ISNUMBER(G8),10+0.01*G8,Z53) -> 15.45 | H53: =IF(ISNUMBER(H8),10+0.01*H8,AA53) -> 18.28 | I53: =IF(ISNUMBER(I8),10+0.01*I8,AB53) -> 15.02 | J53: =IF(ISNUMBER(J8),10+0.01*J8,AC53) -> 16.58 | ... L53: =IF(ISNUMBER(L8),10+0.01*L8,AE53) -> 15.59 | M53: =IF(ISNUMBER(M8),10+0.01*M8,"") -> 14.45 | N53: =IF(ISNUMBER(N8),10+0.01*N8,"") -> 15.2 | O53: =IF(ISNUMBER(O8),10+0.01*O8,"") -> 14.42 | P53: =IF(ISNUMBER(P8),10+0.01*P8,"") -> 15.19 | Q53: =IF(ISNUMBER(Q8),10+0.01*Q8,"") -> 14.39 | R53: =IF(ISNUMBER(R8),10+0.01*R8,"") -> 15.17 | T53: 3 | U53: 1988 | V53: 16.24 | W53: 21.71 | X53: 16.08 | Y53: 20.61 | Z53: 15.45 | AA53: 18.28 | AB53: 15.02 | AC53: 16.58 | AD53: 14.82 | AE53: 15.59
A54: =A9 -> 4 | B54: =B9 -> 1989 | C54: =IF(ISNUMBER(C9),10+0.01*C9,V54) -> 15.88 | D54: =IF(ISNUMBER(D9),10+0.01*D9,W54) -> 20.93 | E54: =IF(ISNUMBER(E9),10+0.01*E9,X54) -> 15.66 | F54: =IF(ISNUMBER(F9),10+0.01*F9,Y54) -> 20.02 | G54: =IF(ISNUMBER(G9),10+0.01*G9,Z54) -> 14.83 | H54: =IF(ISNUMBER(H9),10+0.01*H9,AA54) -> 17.5 | I54: =IF(ISNUMBER(I9),10+0.01*I9,AB54) -> 14.56 | J54: =IF(ISNUMBER(J9),10+0.01*J9,AC54) -> 15.77 | ... L54: =IF(ISNUMBER(L9),10+0.01*L9,AE54) -> 15.22 | M54: =IF(ISNUMBER(M9),10+0.01*M9,"") -> 14.36 | N54: =IF(ISNUMBER(N9),10+0.01*N9,"") -> 15.23 | O54: =IF(ISNUMBER(O9),10+0.01*O9,"") -> 14.32 | P54: =IF(ISNUMBER(P9),10+0.01*P9,"") -> 15.17 | Q54: =IF(ISNUMBER(Q9),10+0.01*Q9,"") -> 14.3 | R54: =IF(ISNUMBER(R9),10+0.01*R9,"") -> 15.16 | T54: 4 | U54: 1989
A55: =A10 -> 5 | B55: =B10 -> 1990 | C55: =IF(ISNUMBER(C10),10+0.01*C10,V55) -> 17.09 | D55: =IF(ISNUMBER(D10),10+0.01*D10,W55) -> 20.94 | E55: =IF(ISNUMBER(E10),10+0.01*E10,X55) -> 16.75 | F55: =IF(ISNUMBER(F10),10+0.01*F10,Y55) -> 19.92 | G55: =IF(ISNUMBER(G10),10+0.01*G10,Z55) -> 15.73 | H55: =IF(ISNUMBER(H10),10+0.01*H10,AA55) -> 17.7 | I55: =IF(ISNUMBER(I10),10+0.01*I10,AB55) -> 15.16 | J55: =IF(ISNUMBER(J10),10+0.01*J10,AC55) -> 16 | ... L55: =IF(ISNUMBER(L10),10+0.01*L10,AE55) -> 15.31 | M55: =IF(ISNUMBER(M10),10+0.01*M10,"") -> 14.78 | N55: =IF(ISNUMBER(N10),10+0.01*N10,"") -> 15.19 | O55: =IF(ISNUMBER(O10),10+0.01*O10,"") -> 14.73 | P55: =IF(ISNUMBER(P10),10+0.01*P10,"") -> 15.17 | Q55: =IF(ISNUMBER(Q10),10+0.01*Q10,"") -> 14.73 | R55: =IF(ISNUMBER(R10),10+0.01*R10,"") -> 15.19 | T55: 5 | U55: 1990
A56: =A11 -> 6 | B56: =B11 -> 1991 | C56: =IF(ISNUMBER(C11),10+0.01*C11,V56) -> 17.09 | D56: =IF(ISNUMBER(D11),10+0.01*D11,W56) -> 22.57 | E56: =IF(ISNUMBER(E11),10+0.01*E11,X56) -> 16.7 | F56: =IF(ISNUMBER(F11),10+0.01*F11,Y56) -> 21.55 | G56: =IF(ISNUMBER(G11),10+0.01*G11,Z56) -> 15.68 | H56: =IF(ISNUMBER(H11),10+0.01*H11,AA56) -> 18.78 | I56: =IF(ISNUMBER(I11),10+0.01*I11,AB56) -> 15.09 | J56: =IF(ISNUMBER(J11),10+0.01*J11,AC56) -> 17.03 | ... L56: =IF(ISNUMBER(L11),10+0.01*L11,AE56) -> 16.04 | M56: =IF(ISNUMBER(M11),10+0.01*M11,"") -> 14.71 | N56: =IF(ISNUMBER(N11),10+0.01*N11,"") -> 15.65 | O56: =IF(ISNUMBER(O11),10+0.01*O11,"") -> 14.67 | P56: =IF(ISNUMBER(P11),10+0.01*P11,"") -> 15.63 | Q56: =IF(ISNUMBER(Q11),10+0.01*Q11,"") -> 14.65 | R56: =IF(ISNUMBER(R11),10+0.01*R11,"") -> 15.6 | T56: 6 | U56: 1991
A57: =A12 -> 7 | B57: =B12 -> 1992 | C57: =IF(ISNUMBER(C12),10+0.01*C12,V57) -> 16.55 | D57: =IF(ISNUMBER(D12),10+0.01*D12,W57) -> 20.61 | E57: =IF(ISNUMBER(E12),10+0.01*E12,X57) -> 16.26 | F57: =IF(ISNUMBER(F12),10+0.01*F12,Y57) -> 19.79 | G57: =IF(ISNUMBER(G12),10+0.01*G12,Z57) -> 15.4 | H57: =IF(ISNUMBER(H12),10+0.01*H12,AA57) -> 17.6 | I57: =IF(ISNUMBER(I12),10+0.01*I12,AB57) -> 14.98 | J57: =IF(ISNUMBER(J12),10+0.01*J12,AC57) -> 16.03 | ... L57: =IF(ISNUMBER(L12),10+0.01*L12,AE57) -> 15.21 | M57: =IF(ISNUMBER(M12),10+0.01*M12,"") -> 14.71 | N57: =IF(ISNUMBER(N12),10+0.01*N12,"") -> 15.14 | O57: =IF(ISNUMBER(O12),10+0.01*O12,"") -> 14.7 | P57: =IF(ISNUMBER(P12),10+0.01*P12,"") -> 15.14 | Q57: =IF(ISNUMBER(Q12),10+0.01*Q12,"") -> 14.67 | R57: =IF(ISNUMBER(R12),10+0.01*R12,"") -> 15.11 | T57: 7 | U57: 1992
A58: =A13 -> 8 | B58: =B13 -> 1993 | C58: =IF(ISNUMBER(C13),10+0.01*C13,V58) -> 16.71 | D58: =IF(ISNUMBER(D13),10+0.01*D13,W58) -> 20.55 | E58: =IF(ISNUMBER(E13),10+0.01*E13,X58) -> 16.44 | F58: =IF(ISNUMBER(F13),10+0.01*F13,Y58) -> 19.7 | G58: =IF(ISNUMBER(G13),10+0.01*G13,Z58) -> 15.43 | H58: =IF(ISNUMBER(H13),10+0.01*H13,AA58) -> 17.5 | I58: =IF(ISNUMBER(I13),10+0.01*I13,AB58) -> 14.94 | J58: =IF(ISNUMBER(J13),10+0.01*J13,AC58) -> 15.89 | ... L58: =IF(ISNUMBER(L13),10+0.01*L13,AE58) -> 15.22 | M58: =IF(ISNUMBER(M13),10+0.01*M13,"") -> 14.63 | N58: =IF(ISNUMBER(N13),10+0.01*N13,"") -> 15.1 | O58: =IF(ISNUMBER(O13),10+0.01*O13,"") -> 14.59 | P58: =IF(ISNUMBER(P13),10+0.01*P13,"") -> 15.12 | Q58: =IF(ISNUMBER(Q13),10+0.01*Q13,"") -> 14.58 | R58: =IF(ISNUMBER(R13),10+0.01*R13,"") -> 15.1 | T58: 8 | U58: 1993
A59: =A14 -> 9 | B59: =B14 -> 1994 | C59: =IF(ISNUMBER(C14),10+0.01*C14,V59) -> 17.38 | D59: =IF(ISNUMBER(D14),10+0.01*D14,W59) -> 21.7 | E59: =IF(ISNUMBER(E14),10+0.01*E14,X59) -> 16.9 | F59: =IF(ISNUMBER(F14),10+0.01*F14,Y59) -> 20.33 | G59: =IF(ISNUMBER(G14),10+0.01*G14,Z59) -> 15.71 | H59: =IF(ISNUMBER(H14),10+0.01*H14,AA59) -> 17.84 | I59: =IF(ISNUMBER(I14),10+0.01*I14,AB59) -> 15.09 | J59: =IF(ISNUMBER(J14),10+0.01*J14,AC59) -> 16.06 | ... L59: =IF(ISNUMBER(L14),10+0.01*L14,AE59) -> 15.34 | M59: =IF(ISNUMBER(M14),10+0.01*M14,"") -> 14.61 | N59: =IF(ISNUMBER(N14),10+0.01*N14,"") -> 15.13 | O59: =IF(ISNUMBER(O14),10+0.01*O14,"") -> 14.58 | P59: =IF(ISNUMBER(P14),10+0.01*P14,"") -> 15.13 | Q59: =IF(ISNUMBER(Q14),10+0.01*Q14,"") -> 14.57 | R59: =IF(ISNUMBER(R14),10+0.01*R14,"") -> 15.1 | T59: 9 | U59: 1994
A60: =A15 -> 10 | B60: =B15 -> 1995 | C60: =IF(ISNUMBER(C15),10+0.01*C15,V60) -> 16.71 | D60: =IF(ISNUMBER(D15),10+0.01*D15,W60) -> 21.93 | E60: =IF(ISNUMBER(E15),10+0.01*E15,X60) -> 16.37 | F60: =IF(ISNUMBER(F15),10+0.01*F15,Y60) -> 20.72 | G60: =IF(ISNUMBER(G15),10+0.01*G15,Z60) -> 15.54 | H60: =IF(ISNUMBER(H15),10+0.01*H15,AA60) -> 18.32 | I60: =IF(ISNUMBER(I15),10+0.01*I15,AB60) -> 15.05 | J60: =IF(ISNUMBER(J15),10+0.01*J15,AC60) -> 16.56 | ... L60: =IF(ISNUMBER(L15),10+0.01*L15,AE60) -> 15.58 | M60: =IF(ISNUMBER(M15),10+0.01*M15,"") -> 14.7 | N60: =IF(ISNUMBER(N15),10+0.01*N15,"") -> 15.18 | O60: =IF(ISNUMBER(O15),10+0.01*O15,"") -> 14.69 | P60: =IF(ISNUMBER(P15),10+0.01*P15,"") -> 15.27 | Q60: =IF(ISNUMBER(Q15),10+0.01*Q15,"") -> 14.69 | R60: =IF(ISNUMBER(R15),10+0.01*R15,"") -> 15.27 | T60: 10 | U60: 1995
A61: =A16 -> 11 | B61: =B16 -> 1996 | C61: =IF(ISNUMBER(C16),10+0.01*C16,V61) -> 15.6 | D61: =IF(ISNUMBER(D16),10+0.01*D16,W61) -> 19.65 | E61: =IF(ISNUMBER(E16),10+0.01*E16,X61) -> 15.37 | F61: =IF(ISNUMBER(F16),10+0.01*F16,Y61) -> 18.44 | G61: =IF(ISNUMBER(G16),10+0.01*G16,Z61) -> 14.87 | H61: =IF(ISNUMBER(H16),10+0.01*H16,AA61) -> 16.74 | I61: =IF(ISNUMBER(I16),10+0.01*I16,AB61) -> 14.63 | J61: =IF(ISNUMBER(J16),10+0.01*J16,AC61) -> 15.47 | ... L61: =IF(ISNUMBER(L16),10+0.01*L16,AE61) -> 15.28 | M61: =IF(ISNUMBER(M16),10+0.01*M16,"") -> 14.51 | N61: =IF(ISNUMBER(N16),10+0.01*N16,"") -> 15.25 | O61: =IF(ISNUMBER(O16),10+0.01*O16,"") -> 14.52 | P61: =IF(ISNUMBER(P16),10+0.01*P16,"") -> 15.26 | Q61: =IF(ISNUMBER(Q16),10+0.01*Q16,"") -> 14.51 | R61: =IF(ISNUMBER(R16),10+0.01*R16,"") -> 15.26 | T61: 11 | U61: 1996
A62: =A17 -> 12 | B62: =B17 -> 1997 | C62: =IF(ISNUMBER(C17),10+0.01*C17,V62) -> 16.25 | D62: =IF(ISNUMBER(D17),10+0.01*D17,W62) -> 20.96 | E62: =IF(ISNUMBER(E17),10+0.01*E17,X62) -> 16.01 | F62: =IF(ISNUMBER(F17),10+0.01*F17,Y62) -> 19.84 | G62: =IF(ISNUMBER(G17),10+0.01*G17,Z62) -> 15.31 | H62: =IF(ISNUMBER(H17),10+0.01*H17,AA62) -> 17.64 | I62: =IF(ISNUMBER(I17),10+0.01*I17,AB62) -> 14.92 | J62: =IF(ISNUMBER(J17),10+0.01*J17,AC62) -> 16.11 | ... L62: =IF(ISNUMBER(L17),10+0.01*L17,AE62) -> 15.5 | M62: =IF(ISNUMBER(M17),10+0.01*M17,"") -> 14.68 | N62: =IF(ISNUMBER(N17),10+0.01*N17,"") -> 15.18 | O62: =IF(ISNUMBER(O17),10+0.01*O17,"") -> 14.66 | P62: =IF(ISNUMBER(P17),10+0.01*P17,"") -> 15.13 | Q62: =IF(ISNUMBER(Q17),10+0.01*Q17,"") -> 14.64 | R62: =IF(ISNUMBER(R17),10+0.01*R17,"") -> 15.08 | T62: 12 | U62: 1997
A63: =A18 -> 13 | B63: =B18 -> 1998 | C63: =IF(ISNUMBER(C18),10+0.01*C18,V63) -> 16.76 | D63: =IF(ISNUMBER(D18),10+0.01*D18,W63) -> 21.2 | E63: =IF(ISNUMBER(E18),10+0.01*E18,X63) -> 16.38 | F63: =IF(ISNUMBER(F18),10+0.01*F18,Y63) -> 20.13 | G63: =IF(ISNUMBER(G18),10+0.01*G18,Z63) -> 15.51 | H63: =IF(ISNUMBER(H18),10+0.01*H18,AA63) -> 17.82 | I63: =IF(ISNUMBER(I18),10+0.01*I18,AB63) -> 15.01 | J63: =IF(ISNUMBER(J18),10+0.01*J18,AC63) -> 16.18 | ... L63: =IF(ISNUMBER(L18),10+0.01*L18,AE63) -> 15.39 | M63: =IF(ISNUMBER(M18),10+0.01*M18,"") -> 14.67 | N63: =IF(ISNUMBER(N18),10+0.01*N18,"") -> 15.12 | O63: =IF(ISNUMBER(O18),10+0.01*O18,"") -> 14.64 | P63: =IF(ISNUMBER(P18),10+0.01*P18,"") -> 15.06 | Q63: =IF(ISNUMBER(Q18),10+0.01*Q18,"") -> 14.61 | R63: =IF(ISNUMBER(R18),10+0.01*R18,"") -> 15.02 | T63: 13 | U63: 1998
A64: =A19 -> 14 | B64: =B19 -> 1999 | C64: =IF(ISNUMBER(C19),10+0.01*C19,V64) -> 16.84 | D64: =IF(ISNUMBER(D19),10+0.01*D19,W64) -> 20.99 | E64: =IF(ISNUMBER(E19),10+0.01*E19,X64) -> 16.45 | F64: =IF(ISNUMBER(F19),10+0.01*F19,Y64) -> 20.22 | G64: =IF(ISNUMBER(G19),10+0.01*G19,Z64) -> 15.56 | H64: =IF(ISNUMBER(H19),10+0.01*H19,AA64) -> 17.84 | I64: =IF(ISNUMBER(I19),10+0.01*I19,AB64) -> 15.02 | J64: =IF(ISNUMBER(J19),10+0.01*J19,AC64) -> 15.84 | ... L64: =IF(ISNUMBER(L19),10+0.01*L19,AE64) -> 15.25 | M64: =IF(ISNUMBER(M19),10+0.01*M19,"") -> 14.64 | N64: =IF(ISNUMBER(N19),10+0.01*N19,"") -> 15.21 | O64: =IF(ISNUMBER(O19),10+0.01*O19,"") -> 14.61 | P64: =IF(ISNUMBER(P19),10+0.01*P19,"") -> 15.15 | Q64: =IF(ISNUMBER(Q19),10+0.01*Q19,"") -> 14.59 | R64: =IF(ISNUMBER(R19),10+0.01*R19,"") -> 15.13 | T64: 14 | U64: 1999
A65: =A20 -> 15 | B65: =B20 -> 2000 | C65: =IF(ISNUMBER(C20),10+0.01*C20,V65) -> 16.28 | D65: =IF(ISNUMBER(D20),10+0.01*D20,W65) -> 20.8 | E65: =IF(ISNUMBER(E20),10+0.01*E20,X65) -> 16 | F65: =IF(ISNUMBER(F20),10+0.01*F20,Y65) -> 19.92 | G65: =IF(ISNUMBER(G20),10+0.01*G20,Z65) -> 15.31 | H65: =IF(ISNUMBER(H20),10+0.01*H20,AA65) -> 17.68 | I65: =IF(ISNUMBER(I20),10+0.01*I20,AB65) -> 14.98 | J65: =IF(ISNUMBER(J20),10+0.01*J20,AC65) -> 16.14 | ... L65: =IF(ISNUMBER(L20),10+0.01*L20,AE65) -> 15.31 | M65: =IF(ISNUMBER(M20),10+0.01*M20,"") -> 14.76 | N65: =IF(ISNUMBER(N20),10+0.01*N20,"") -> 15.17 | O65: =IF(ISNUMBER(O20),10+0.01*O20,"") -> 14.74 | P65: =IF(ISNUMBER(P20),10+0.01*P20,"") -> 15.18 | Q65: =IF(ISNUMBER(Q20),10+0.01*Q20,"") -> 14.74 | R65: =IF(ISNUMBER(R20),10+0.01*R20,"") -> 15.18 | T65: 15 | U65: 2000
A66: =A21 -> 16 | B66: =B21 -> 2001 | C66: =IF(ISNUMBER(C21),10+0.01*C21,V66) -> 16.67 | D66: =IF(ISNUMBER(D21),10+0.01*D21,W66) -> 21.48 | E66: =IF(ISNUMBER(E21),10+0.01*E21,X66) -> 16.4 | F66: =IF(ISNUMBER(F21),10+0.01*F21,Y66) -> 20.51 | G66: =IF(ISNUMBER(G21),10+0.01*G21,Z66) -> 15.8 | H66: =IF(ISNUMBER(H21),10+0.01*H21,AA66) -> 18.25 | I66: =IF(ISNUMBER(I21),10+0.01*I21,AB66) -> 15.17 | J66: =IF(ISNUMBER(J21),10+0.01*J21,AC66) -> 16.61 | ... L66: =IF(ISNUMBER(L21),10+0.01*L21,AE66) -> 15.6 | M66: =IF(ISNUMBER(M21),10+0.01*M21,"") -> 14.9 | N66: =IF(ISNUMBER(N21),10+0.01*N21,"") -> 15.32 | O66: =IF(ISNUMBER(O21),10+0.01*O21,"") -> 14.85 | P66: =IF(ISNUMBER(P21),10+0.01*P21,"") -> 15.27 | Q66: =IF(ISNUMBER(Q21),10+0.01*Q21,"") -> 14.87 | R66: =IF(ISNUMBER(R21),10+0.01*R21,"") -> 15.14 | T66: 16 | U66: 2001 | V66: 16.67
A67: =A22 -> 17 | B67: =B22 -> 2002 | C67: =IF(ISNUMBER(C22),10+0.01*C22,V67) -> 16.52 | D67: =IF(ISNUMBER(D22),10+0.01*D22,W67) -> 20.76 | E67: =IF(ISNUMBER(E22),10+0.01*E22,X67) -> 16.31 | F67: =IF(ISNUMBER(F22),10+0.01*F22,Y67) -> 19.96 | G67: =IF(ISNUMBER(G22),10+0.01*G22,Z67) -> 15.54 | H67: =IF(ISNUMBER(H22),10+0.01*H22,AA67) -> 17.8 | I67: =IF(ISNUMBER(I22),10+0.01*I22,AB67) -> 15.1 | J67: =IF(ISNUMBER(J22),10+0.01*J22,AC67) -> 16.17 | ... L67: =IF(ISNUMBER(L22),10+0.01*L22,AE67) -> 15.29 | M67: =IF(ISNUMBER(M22),10+0.01*M22,"") -> 14.84 | N67: =IF(ISNUMBER(N22),10+0.01*N22,"") -> 15.24 | O67: =IF(ISNUMBER(O22),10+0.01*O22,"") -> 14.81 | P67: =IF(ISNUMBER(P22),10+0.01*P22,"") -> 15.3 | Q67: =IF(ISNUMBER(Q22),10+0.01*Q22,"") -> 14.8 | R67: =IF(ISNUMBER(R22),10+0.01*R22,"") -> 15.28 | T67: 17 | U67: 2002
A68: =A23 -> 18 | B68: =B23 -> 2003 | C68: =IF(ISNUMBER(C23),10+0.01*C23,V68) -> 16.32 | D68: =IF(ISNUMBER(D23),10+0.01*D23,W68) -> 20.92 | E68: =IF(ISNUMBER(E23),10+0.01*E23,X68) -> 16.11 | F68: =IF(ISNUMBER(F23),10+0.01*F23,Y68) -> 19.91 | G68: =IF(ISNUMBER(G23),10+0.01*G23,Z68) -> 15.52 | H68: =IF(ISNUMBER(H23),10+0.01*H23,AA68) -> 17.84 | I68: =IF(ISNUMBER(I23),10+0.01*I23,AB68) -> 15.11 | J68: =IF(ISNUMBER(J23),10+0.01*J23,AC68) -> 16.16 | ... L68: =IF(ISNUMBER(L23),10+0.01*L23,AE68) -> 15.37 | M68: =IF(ISNUMBER(M23),10+0.01*M23,"") -> 14.91 | N68: =IF(ISNUMBER(N23),10+0.01*N23,"") -> 15.24 | O68: =IF(ISNUMBER(O23),10+0.01*O23,"") -> 14.86 | P68: =IF(ISNUMBER(P23),10+0.01*P23,"") -> 15.18 | Q68: =IF(ISNUMBER(Q23),10+0.01*Q23,"") -> 14.86 | R68: =IF(ISNUMBER(R23),10+0.01*R23,"") -> 15.17 | T68: 18 | U68: 2003
A69: =A24 -> 19 | B69: =B24 -> 2004 | C69: =IF(ISNUMBER(C24),10+0.01*C24,V69) -> 16.38 | D69: =IF(ISNUMBER(D24),10+0.01*D24,W69) -> 21 | E69: =IF(ISNUMBER(E24),10+0.01*E24,X69) -> 16.24 | F69: =IF(ISNUMBER(F24),10+0.01*F24,Y69) -> 20.14 | G69: =IF(ISNUMBER(G24),10+0.01*G24,Z69) -> 15.52 | H69: =IF(ISNUMBER(H24),10+0.01*H24,AA69) -> 17.84 | I69: =IF(ISNUMBER(I24),10+0.01*I24,AB69) -> 15.03 | J69: =IF(ISNUMBER(J24),10+0.01*J24,AC69) -> 16.09 | ... L69: =IF(ISNUMBER(L24),10+0.01*L24,AE69) -> 15.32 | M69: =IF(ISNUMBER(M24),10+0.01*M24,"") -> 14.79 | N69: =IF(ISNUMBER(N24),10+0.01*N24,"") -> 15.27 | O69: =IF(ISNUMBER(O24),10+0.01*O24,"") -> 14.76 | P69: =IF(ISNUMBER(P24),10+0.01*P24,"") -> 15.28 | Q69: =IF(ISNUMBER(Q24),10+0.01*Q24,"") -> 14.78 | R69: =IF(ISNUMBER(R24),10+0.01*R24,"") -> 15.3 | T69: 19 | U69: 2004
A70: =A25 -> 20 | B70: =B25 -> 2005 | C70: =IF(ISNUMBER(C25),10+0.01*C25,V70) -> 16.68 | D70: =IF(ISNUMBER(D25),10+0.01*D25,W70) -> 21.66 | E70: =IF(ISNUMBER(E25),10+0.01*E25,X70) -> 16.62 | F70: =IF(ISNUMBER(F25),10+0.01*F25,Y70) -> 21.1 | G70: =IF(ISNUMBER(G25),10+0.01*G25,Z70) -> 15.75 | H70: =IF(ISNUMBER(H25),10+0.01*H25,AA70) -> 18.42 | I70: =IF(ISNUMBER(I25),10+0.01*I25,AB70) -> 15.19 | J70: =IF(ISNUMBER(J25),10+0.01*J25,AC70) -> 16.69 | ... L70: =IF(ISNUMBER(L25),10+0.01*L25,AE70) -> 15.77 | M70: =IF(ISNUMBER(M25),10+0.01*M25,"") -> 14.88 | N70: =IF(ISNUMBER(N25),10+0.01*N25,"") -> 15.32 | O70: =IF(ISNUMBER(O25),10+0.01*O25,"") -> 14.87 | P70: =IF(ISNUMBER(P25),10+0.01*P25,"") -> 15.44 | Q70: =IF(ISNUMBER(Q25),10+0.01*Q25,"") -> 14.9 | R70: =IF(ISNUMBER(R25),10+0.01*R25,"") -> 15.37 | T70: 20 | U70: 2005
A71: =A26 -> 21 | B71: =B26 -> 2006 | C71: =IF(ISNUMBER(C26),10+0.01*C26,V71) -> 15.84 | D71: =IF(ISNUMBER(D26),10+0.01*D26,W71) -> 19.85 | E71: =IF(ISNUMBER(E26),10+0.01*E26,X71) -> 15.75 | F71: =IF(ISNUMBER(F26),10+0.01*F26,Y71) -> 19.22 | G71: =IF(ISNUMBER(G26),10+0.01*G26,Z71) -> 15.29 | H71: =IF(ISNUMBER(H26),10+0.01*H26,AA71) -> 17.26 | I71: =IF(ISNUMBER(I26),10+0.01*I26,AB71) -> 14.93 | J71: =IF(ISNUMBER(J26),10+0.01*J26,AC71) -> 15.95 | ... L71: =IF(ISNUMBER(L26),10+0.01*L26,AE71) -> 15.5 | M71: =IF(ISNUMBER(M26),10+0.01*M26,"") -> 14.75 | N71: =IF(ISNUMBER(N26),10+0.01*N26,"") -> 15.33 | O71: =IF(ISNUMBER(O26),10+0.01*O26,"") -> 14.79 | P71: =IF(ISNUMBER(P26),10+0.01*P26,"") -> 15.29 | Q71: =IF(ISNUMBER(Q26),10+0.01*Q26,"") -> 14.8 | R71: =IF(ISNUMBER(R26),10+0.01*R26,"") -> 15.31 | T71: 21 | U71: 2006
A72: =A27 -> 22 | B72: =B27 -> 2007 | C72: =IF(ISNUMBER(C27),10+0.01*C27,V72) -> 16.66 | D72: =IF(ISNUMBER(D27),10+0.01*D27,W72) -> 20.95 | E72: =IF(ISNUMBER(E27),10+0.01*E27,X72) -> 16.52 | F72: =IF(ISNUMBER(F27),10+0.01*F27,Y72) -> 19.92 | G72: =IF(ISNUMBER(G27),10+0.01*G27,Z72) -> 15.72 | H72: =IF(ISNUMBER(H27),10+0.01*H27,AA72) -> 17.86 | I72: =IF(ISNUMBER(I27),10+0.01*I27,AB72) -> 15.08 | J72: =IF(ISNUMBER(J27),10+0.01*J27,AC72) -> 16.29 | ... L72: =IF(ISNUMBER(L27),10+0.01*L27,AE72) -> 15.41 | M72: =IF(ISNUMBER(M27),10+0.01*M27,"") -> 14.73 | N72: =IF(ISNUMBER(N27),10+0.01*N27,"") -> 15.17 | O72: =IF(ISNUMBER(O27),10+0.01*O27,"") -> 14.75 | P72: =IF(ISNUMBER(P27),10+0.01*P27,"") -> 15.21 | Q72: =IF(ISNUMBER(Q27),10+0.01*Q27,"") -> 14.75 | R72: =IF(ISNUMBER(R27),10+0.01*R27,"") -> 15.21 | T72: 22 | U72: 2007
A73: =A28 -> 23 | B73: =B28 -> 2008 | C73: =IF(ISNUMBER(C28),10+0.01*C28,V73) -> 16.06 | D73: =IF(ISNUMBER(D28),10+0.01*D28,W73) -> 21.16 | E73: =IF(ISNUMBER(E28),10+0.01*E28,X73) -> 15.99 | F73: =IF(ISNUMBER(F28),10+0.01*F28,Y73) -> 20.12 | G73: =IF(ISNUMBER(G28),10+0.01*G28,Z73) -> 15.37 | H73: =IF(ISNUMBER(H28),10+0.01*H28,AA73) -> 17.91 | I73: =IF(ISNUMBER(I28),10+0.01*I28,AB73) -> 14.95 | J73: =IF(ISNUMBER(J28),10+0.01*J28,AC73) -> 16.27 | ... L73: =IF(ISNUMBER(L28),10+0.01*L28,AE73) -> 15.69 | M73: =IF(ISNUMBER(M28),10+0.01*M28,"") -> 14.69 | N73: =IF(ISNUMBER(N28),10+0.01*N28,"") -> 15.46 | O73: =IF(ISNUMBER(O28),10+0.01*O28,"") -> 14.72 | P73: =IF(ISNUMBER(P28),10+0.01*P28,"") -> 15.46 | Q73: =IF(ISNUMBER(Q28),10+0.01*Q28,"") -> 14.72 | R73: =IF(ISNUMBER(R28),10+0.01*R28,"") -> 15.49 | T73: 23 | U73: 2008
A74: =A29 -> 24 | B74: =B29 -> 2009 | C74: =IF(ISNUMBER(C29),10+0.01*C29,V74) -> 16.16 | D74: =IF(ISNUMBER(D29),10+0.01*D29,W74) -> 21.1 | E74: =IF(ISNUMBER(E29),10+0.01*E29,X74) -> 16.06 | F74: =IF(ISNUMBER(F29),10+0.01*F29,Y74) -> 19.88 | G74: =IF(ISNUMBER(G29),10+0.01*G29,Z74) -> 15.38 | H74: =IF(ISNUMBER(H29),10+0.01*H29,AA74) -> 17.7 | I74: =IF(ISNUMBER(I29),10+0.01*I29,AB74) -> 14.93 | J74: =IF(ISNUMBER(J29),10+0.01*J29,AC74) -> 16.1 | ... L74: =IF(ISNUMBER(L29),10+0.01*L29,AE74) -> 15.45 | M74: =IF(ISNUMBER(M29),10+0.01*M29,"") -> 14.68 | N74: =IF(ISNUMBER(N29),10+0.01*N29,"") -> 15.29 | O74: =IF(ISNUMBER(O29),10+0.01*O29,"") -> 14.7 | P74: =IF(ISNUMBER(P29),10+0.01*P29,"") -> 15.24 | Q74: =IF(ISNUMBER(Q29),10+0.01*Q29,"") -> 14.68 | R74: =IF(ISNUMBER(R29),10+0.01*R29,"") -> 15.24 | T74: 24 | U74: 2009
A75: =A30 -> 25 | B75: =B30 -> 2010 | C75: =IF(ISNUMBER(C30),10+0.01*C30,V75) -> 15.72 | D75: =IF(ISNUMBER(D30),10+0.01*D30,W75) -> 21.07 | E75: =IF(ISNUMBER(E30),10+0.01*E30,X75) -> 15.48 | F75: =IF(ISNUMBER(F30),10+0.01*F30,Y75) -> 19.9 | G75: =IF(ISNUMBER(G30),10+0.01*G30,Z75) -> 14.9 | H75: =IF(ISNUMBER(H30),10+0.01*H30,AA75) -> 17.76 | I75: =IF(ISNUMBER(I30),10+0.01*I30,AB75) -> 14.54 | J75: =IF(ISNUMBER(J30),10+0.01*J30,AC75) -> 16.11 | ... L75: =IF(ISNUMBER(L30),10+0.01*L30,AE75) -> 15.6 | M75: =IF(ISNUMBER(M30),10+0.01*M30,"") -> 14.33 | N75: =IF(ISNUMBER(N30),10+0.01*N30,"") -> 15.46 | O75: =IF(ISNUMBER(O30),10+0.01*O30,"") -> 14.35 | P75: =IF(ISNUMBER(P30),10+0.01*P30,"") -> 15.42 | Q75: =IF(ISNUMBER(Q30),10+0.01*Q30,"") -> 14.36 | R75: =IF(ISNUMBER(R30),10+0.01*R30,"") -> 15.3 | T75: 25 | U75: 2010
A76: =A31 -> 26 | B76: =B31 -> 2011 | C76: =IF(ISNUMBER(C31),10+0.01*C31,V76) -> 15.71 | D76: =IF(ISNUMBER(D31),10+0.01*D31,W76) -> 20.72 | E76: =IF(ISNUMBER(E31),10+0.01*E31,X76) -> 15.47 | F76: =IF(ISNUMBER(F31),10+0.01*F31,Y76) -> 19.8 | G76: =IF(ISNUMBER(G31),10+0.01*G31,Z76) -> 14.9 | H76: =IF(ISNUMBER(H31),10+0.01*H31,AA76) -> 17.71 | I76: =IF(ISNUMBER(I31),10+0.01*I31,AB76) -> 14.56 | J76: =IF(ISNUMBER(J31),10+0.01*J31,AC76) -> 16.14 | ... L76: =IF(ISNUMBER(L31),10+0.01*L31,AE76) -> 15.49 | M76: =IF(ISNUMBER(M31),10+0.01*M31,"") -> 14.36 | N76: =IF(ISNUMBER(N31),10+0.01*N31,"") -> 15.23 | O76: =IF(ISNUMBER(O31),10+0.01*O31,"") -> 14.39 | P76: =IF(ISNUMBER(P31),10+0.01*P31,"") -> 15.22 | Q76: =IF(ISNUMBER(Q31),10+0.01*Q31,"") -> 14.42 | R76: =IF(ISNUMBER(R31),10+0.01*R31,"") -> 15.28 | T76: 26 | U76: 2011
A77: =A32 -> 27 | B77: =B32 -> 2012 | C77: =IF(ISNUMBER(C32),10+0.01*C32,V77) -> 16.12 | D77: =IF(ISNUMBER(D32),10+0.01*D32,W77) -> 21.33 | E77: =IF(ISNUMBER(E32),10+0.01*E32,X77) -> 15.82 | F77: =IF(ISNUMBER(F32),10+0.01*F32,Y77) -> 19.92 | G77: =IF(ISNUMBER(G32),10+0.01*G32,Z77) -> 15.19 | H77: =IF(ISNUMBER(H32),10+0.01*H32,AA77) -> 17.58 | I77: =IF(ISNUMBER(I32),10+0.01*I32,AB77) -> 14.83 | J77: =IF(ISNUMBER(J32),10+0.01*J32,AC77) -> 16.15 | ... L77: =IF(ISNUMBER(L32),10+0.01*L32,AE77) -> 15.52 | M77: =IF(ISNUMBER(M32),10+0.01*M32,"") -> 14.6 | N77: =IF(ISNUMBER(N32),10+0.01*N32,"") -> 15.37 | O77: =IF(ISNUMBER(O32),10+0.01*O32,"") -> 14.6 | P77: =IF(ISNUMBER(P32),10+0.01*P32,"") -> 15.32 | Q77: =IF(ISNUMBER(Q32),10+0.01*Q32,"") -> 14.6 | R77: =IF(ISNUMBER(R32),10+0.01*R32,"") -> 15.32 | T77: 27 | U77: 2012
A78: =A33 -> 28 | B78: =B33 -> 2013 | C78: =IF(ISNUMBER(C33),10+0.01*C33,V78) -> 16.64 | D78: =IF(ISNUMBER(D33),10+0.01*D33,W78) -> 21.23 | E78: =IF(ISNUMBER(E33),10+0.01*E33,X78) -> 16.21 | F78: =IF(ISNUMBER(F33),10+0.01*F33,Y78) -> 20.16 | G78: =IF(ISNUMBER(G33),10+0.01*G33,Z78) -> 15.48 | H78: =IF(ISNUMBER(H33),10+0.01*H33,AA78) -> 17.73 | I78: =IF(ISNUMBER(I33),10+0.01*I33,AB78) -> 15.03 | J78: =IF(ISNUMBER(J33),10+0.01*J33,AC78) -> 15.93 | ... L78: =IF(ISNUMBER(L33),10+0.01*L33,AE78) -> 15.37 | M78: =IF(ISNUMBER(M33),10+0.01*M33,"") -> 14.7 | N78: =IF(ISNUMBER(N33),10+0.01*N33,"") -> 15.2 | O78: =IF(ISNUMBER(O33),10+0.01*O33,"") -> 14.69 | P78: =IF(ISNUMBER(P33),10+0.01*P33,"") -> 15.16 | Q78: =IF(ISNUMBER(Q33),10+0.01*Q33,"") -> 14.69 | R78: =IF(ISNUMBER(R33),10+0.01*R33,"") -> 15.17 | T78: 28 | U78: 2013
... A83: =A38 -> 33 | B83: =B38 -> 2018 | C83: =IF(ISNUMBER(C38),10+0.01*C38,V83) -> 16.47 | D83: =IF(ISNUMBER(D38),10+0.01*D38,W83) -> 21.38 | E83: =IF(ISNUMBER(E38),10+0.01*E38,X83) -> 16.24 | F83: =IF(ISNUMBER(F38),10+0.01*F38,Y83) -> 20.3 | G83: =IF(ISNUMBER(G38),10+0.01*G38,Z83) -> 15.22 | H83: =IF(ISNUMBER(H38),10+0.01*H38,AA83) -> 17.66 | I83: =IF(ISNUMBER(I38),10+0.01*I38,AB83) -> 14.88 | J83: =IF(ISNUMBER(J38),10+0.01*J38,AC83) -> 15.91 | ... L83: =IF(ISNUMBER(L38),10+0.01*L38,AE83) -> 15.2 | M83: =IF(ISNUMBER(M38),10+0.01*M38,"") -> 14.58 | N83: =IF(ISNUMBER(N38),10+0.01*N38,"") -> 15.09 | O83: =IF(ISNUMBER(O38),10+0.01*O38,"") -> 14.57 | P83: =IF(ISNUMBER(P38),10+0.01*P38,"") -> 15.13 | Q83: =IF(ISNUMBER(Q38),10+0.01*Q38,"") -> 14.58 | R83: =IF(ISNUMBER(R38),10+0.01*R38,"") -> 15.13 | T83: 33 | U83: 2018
A85: Ср.многолетн.зн.: | C85: =IF(ISNUMBER(C40),10+0.01*C40,"") -> 16.425806 | D85: =IF(ISNUMBER(D40),10+0.01*D40,"") -> 20.967188 | E85: =IF(ISNUMBER(E40),10+0.01*E40,"") -> 16.153437 | F85: =IF(ISNUMBER(F40),10+0.01*F40,"") -> 19.994375 | G85: =IF(ISNUMBER(G40),10+0.01*G40,"") -> 15.373125 | H85: =IF(ISNUMBER(H40),10+0.01*H40,"") -> 17.75125 | I85: =IF(ISNUMBER(I40),10+0.01*I40,"") -> 14.929063 | J85: =IF(ISNUMBER(J40),10+0.01*J40,"") -> 16.127813 | ... R85: =IF(ISNUMBER(R40),10+0.01*R40,"") -> 15.233333
A86: Ср.многолетн.макс.: | C86: =IF(ISNUMBER(C41),10+0.01*C41,"") -> 17.38 | D86: =IF(ISNUMBER(D41),10+0.01*D41,"") -> 22.57 | E86: =IF(ISNUMBER(E41),10+0.01*E41,"") -> 16.9 | F86: =IF(ISNUMBER(F41),10+0.01*F41,"") -> 21.55 | G86: =IF(ISNUMBER(G41),10+0.01*G41,"") -> 15.8 | H86: =IF(ISNUMBER(H41),10+0.01*H41,"") -> 18.78 | I86: =IF(ISNUMBER(I41),10+0.01*I41,"") -> 15.19 | J86: =IF(ISNUMBER(J41),10+0.01*J41,"") -> 17.03 | ... R86: =IF(ISNUMBER(R41),10+0.01*R41,"") -> 15.6
B87: Год= | C87: =C42 -> 1994 | D87: =D42 -> 1991 | E87: =E42 -> 1994 | F87: =F42 -> 1991 | G87: =G42 -> 2001 | H87: =H42 -> 1991 | I87: =I42 -> 2005 | J87: =J42 -> 1991 | ... R87: =R42 -> 1991
A88: Ср.многолетн.мин.: | C88: =IF(ISNUMBER(C43),10+0.01*C43,"") -> 15.6 | D88: =IF(ISNUMBER(D43),10+0.01*D43,"") -> 18.44 | E88: =IF(ISNUMBER(E43),10+0.01*E43,"") -> 15.37 | F88: =IF(ISNUMBER(F43),10+0.01*F43,"") -> 18.04 | G88: =IF(ISNUMBER(G43),10+0.01*G43,"") -> 14.83 | H88: =IF(ISNUMBER(H43),10+0.01*H43,"") -> 16.56 | I88: =IF(ISNUMBER(I43),10+0.01*I43,"") -> 14.54 | J88: =IF(ISNUMBER(J43),10+0.01*J43,"") -> 15.47 | ... R88: =IF(ISNUMBER(R43),10+0.01*R43,"") -> 15.02
B89: Год= | C89: =C44 -> 1996 | D89: =D44 -> 2015 | E89: =E44 -> 1996 | F89: =F44 -> 2015 | G89: =G44 -> 1989 | H89: =H44 -> 2015 | I89: =I44 -> 2010 | J89: =J44 -> 2015 | ... R89: =R44 -> 1998

Sheet Данные по участкам
A1: СРЕДНИЕ ГОДОВЫЕ (Н ср уч) И МАКСИМАЛЬНЫЕ (Н макс уч) УРОВНИ ВОДЫ НА УЧАСТКАХ ВОЛГОГРАДСКОГО ВДХР (1986-2018), м Абс.
A3: Пор. № | B3: Год | C3: Верхний участок | E3: Средний участок | G3: Нижний участок | J3: ДИАГРАММЫ:
C4: Н ср | D4: Н макс | E4: Н ср | F4: Н макс | G4: Н ср | H4: Н макс
J5: 1. Верхний (Речной) участок Волгоградского вдхр (Балаково - Маркс):
A6: 1 | B6: 1986 | C6: =IF(AND(ISNUMBER('Массив данных'!C51),ISNUMBER('Массив данных'!G51)),0.5*('Массив данных'!C51+'Массив данных'!G51),"") -> 16.115 | D6: =IF(ISNUMBER('Массив данных'!D51),'Массив данных'!D51,"") -> 21.38 | E6: =IF(AND(ISNUMBER('Массив данных'!G51),ISNUMBER('Массив данных'!K51)),0.5*('Массив данных'!G51+'Массив данных'!K51),"") -> 14.84 | F6: =IF(ISNUMBER('Массив данных'!G51),'Массив данных'!G51,"") -> 15.29 | G6: =IF(AND(ISNUMBER('Массив данных'!K51),ISNUMBER('Массив данных'!Q51)),0.5*('Массив данных'!K51+'Массив данных'!Q51),"") -> 14.35 | H6: =IF(AND(ISNUMBER('Массив данных'!L51),ISNUMBER('Массив данных'!N51),ISNUMBER('Массив данных'!P51),ISNUMBER('Массив данных'!R51)),MAX('Массив данных'!L51,'Массив данных'!N51,'Массив данных'!P51,'Массив данных'!R51),"") -> 15.34
A7: 2 | B7: 1987 | C7: =IF(AND(ISNUMBER('Массив данных'!C52),ISNUMBER('Массив данных'!G52)),0.5*('Массив данных'!C52+'Массив данных'!G52),"") -> 16.145 | D7: =IF(ISNUMBER('Массив данных'!D52),'Массив данных'!D52,"") -> 20.98 | E7: =IF(AND(ISNUMBER('Массив данных'!G52),ISNUMBER('Массив данных'!K52)),0.5*('Массив данных'!G52+'Массив данных'!K52),"") -> 14.925 | F7: =IF(ISNUMBER('Массив данных'!G52),'Массив данных'!G52,"") -> 15.34 | G7: =IF(AND(ISNUMBER('Массив данных'!K52),ISNUMBER('Массив данных'!Q52)),0.5*('Массив данных'!K52+'Массив данных'!Q52),"") -> 14.45 | H7: =IF(AND(ISNUMBER('Массив данных'!L52),ISNUMBER('Массив данных'!N52),ISNUMBER('Массив данных'!P52),ISNUMBER('Массив данных'!R52)),MAX('Массив данных'!L52,'Массив данных'!N52,'Массив данных'!P52,'Массив данных'!R52),"") -> 15.38
A8: 3 | B8: 1988 | C8: =IF(AND(ISNUMBER('Массив данных'!C53),ISNUMBER('Массив данных'!G53)),0.5*('Массив данных'!C53+'Массив данных'!G53),"") -> 15.845 | D8: =IF(ISNUMBER('Массив данных'!D53),'Массив данных'!D53,"") -> 21.71 | E8: =IF(AND(ISNUMBER('Массив данных'!G53),ISNUMBER('Массив данных'!K53)),0.5*('Массив данных'!G53+'Массив данных'!K53),"") -> 15.135 | F8: =IF(ISNUMBER('Массив данных'!G53),'Массив данных'!G53,"") -> 15.45 | G8: =IF(AND(ISNUMBER('Массив данных'!K53),ISNUMBER('Массив данных'!Q53)),0.5*('Массив данных'!K53+'Массив данных'!Q53),"") -> 14.605 | H8: =IF(AND(ISNUMBER('Массив данных'!L53),ISNUMBER('Массив данных'!N53),ISNUMBER('Массив данных'!P53),ISNUMBER('Массив данных'!R53)),MAX('Массив данных'!L53,'Массив данных'!N53,'Массив данных'!P53,'Массив данных'!R53),"") -> 15.59
A9: 4 | B9: 1989 | C9: =IF(AND(ISNUMBER('Массив данных'!C54),ISNUMBER('Массив данных'!G54)),0.5*('Массив данных'!C54+'Массив данных'!G54),"") -> 15.355 | D9: =IF(ISNUMBER('Массив данных'!D54),'Массив данных'!D54,"") -> 20.93 | E9: =IF(AND(ISNUMBER('Массив данных'!G54),ISNUMBER('Массив данных'!K54)),0.5*('Массив данных'!G54+'Массив данных'!K54),"") -> 14.6 | F9: =IF(ISNUMBER('Массив данных'!G54),'Массив данных'!G54,"") -> 14.83 | G9: =IF(AND(ISNUMBER('Массив данных'!K54),ISNUMBER('Массив данных'!Q54)),0.5*('Массив данных'!K54+'Массив данных'!Q54),"") -> 14.335 | H9: =IF(AND(ISNUMBER('Массив данных'!L54),ISNUMBER('Массив данных'!N54),ISNUMBER('Массив данных'!P54),ISNUMBER('Массив данных'!R54)),MAX('Массив данных'!L54,'Массив данных'!N54,'Массив данных'!P54,'Массив данных'!R54),"") -> 15.23
A10: 5 | B10: 1990 | C10: =IF(AND(ISNUMBER('Массив данных'!C55),ISNUMBER('Массив данных'!G55)),0.5*('Массив данных'!C55+'Массив данных'!G55),"") -> 16.41 | D10: =IF(ISNUMBER('Массив данных'!D55),'Массив данных'!D55,"") -> 20.94 | E10: =IF(AND(ISNUMBER('Массив данных'!G55),ISNUMBER('Массив данных'!K55)),0.5*('Массив данных'!G55+'Массив данных'!K55),"") -> 15.295 | F10: =IF(ISNUMBER('Массив данных'!G55),'Массив данных'!G55,"") -> 15.73 | G10: =IF(AND(ISNUMBER('Массив данных'!K55),ISNUMBER('Массив данных'!Q55)),0.5*('Массив данных'!K55+'Массив данных'!Q55),"") -> 14.795 | H10: =IF(AND(ISNUMBER('Массив данных'!L55),ISNUMBER('Массив данных'!N55),ISNUMBER('Массив данных'!P55),ISNUMBER('Массив данных'!R55)),MAX('Массив данных'!L55,'Массив данных'!N55,'Массив данных'!P55,'Массив данных'!R55),"") -> 15.31
A11: 6 | B11: 1991 | C11: =IF(AND(ISNUMBER('Массив данных'!C56),ISNUMBER('Массив данных'!G56)),0.5*('Массив данных'!C56+'Массив данных'!G56),"") -> 16.385 | D11: =IF(ISNUMBER('Массив данных'!D56),'Массив данных'!D56,"") -> 22.57 | E11: =IF(AND(ISNUMBER('Массив данных'!G56),ISNUMBER('Массив данных'!K56)),0.5*('Массив данных'!G56+'Массив данных'!K56),"") -> 15.235 | F11: =IF(ISNUMBER('Массив данных'!G56),'Массив данных'!G56,"") -> 15.68 | G11: =IF(AND(ISNUMBER('Массив данных'!K56),ISNUMBER('Массив данных'!Q56)),0.5*('Массив данных'!K56+'Массив данных'!Q56),"") -> 14.72 | H11: =IF(AND(ISNUMBER('Массив данных'!L56),ISNUMBER('Массив данных'!N56),ISNUMBER('Массив данных'!P56),ISNUMBER('Массив данных'!R56)),MAX('Массив данных'!L56,'Массив данных'!N56,'Массив данных'!P56,'Массив данных'!R56),"") -> 16.04
A12: 7 | B12: 1992 | C12: =IF(AND(ISNUMBER('Массив данных'!C57),ISNUMBER('Массив данных'!G57)),0.5*('Массив данных'!C57+'Массив данных'!G57),"") -> 15.975 | D12: =IF(ISNUMBER('Массив данных'!D57),'Массив данных'!D57,"") -> 20.61 | E12: =IF(AND(ISNUMBER('Массив данных'!G57),ISNUMBER('Массив данных'!K57)),0.5*('Массив данных'!G57+'Массив данных'!K57),"") -> 15.085 | F12: =IF(ISNUMBER('Массив данных'!G57),'Массив данных'!G57,"") -> 15.4 | G12: =IF(AND(ISNUMBER('Массив данных'!K57),ISNUMBER('Массив данных'!Q57)),0.5*('Массив данных'!K57+'Массив данных'!Q57),"") -> 14.72 | H12: =IF(AND(ISNUMBER('Массив данных'!L57),ISNUMBER('Массив данных'!N57),ISNUMBER('Массив данных'!P57),ISNUMBER('Массив данных'!R57)),MAX('Массив данных'!L57,'Массив данных'!N57,'Массив данных'!P57,'Массив данных'!R57),"") -> 15.21
A13: 8 | B13: 1993 | C13: =IF(AND(ISNUMBER('Массив данных'!C58),ISNUMBER('Массив данных'!G58)),0.5*('Массив данных'!C58+'Массив данных'!G58),"") -> 16.07 | D13: =IF(ISNUMBER('Массив данных'!D58),'Массив данных'!D58,"") -> 20.55 | E13: =IF(AND(ISNUMBER('Массив данных'!G58),ISNUMBER('Массив данных'!K58)),0.5*('Массив данных'!G58+'Массив данных'!K58),"") -> 15.06 | F13: =IF(ISNUMBER('Массив данных'!G58),'Массив данных'!G58,"") -> 15.43 | G13: =IF(AND(ISNUMBER('Массив данных'!K58),ISNUMBER('Массив данных'!Q58)),0.5*('Массив данных'!K58+'Массив данных'!Q58),"") -> 14.635 | H13: =IF(AND(ISNUMBER('Массив данных'!L58),ISNUMBER('Массив данных'!N58),ISNUMBER('Массив данных'!P58),ISNUMBER('Массив данных'!R58)),MAX('Массив данных'!L58,'Массив данных'!N58,'Массив данных'!P58,'Массив данных'!R58),"") -> 15.22
A14: 9 | B14: 1994 | C14: =IF(AND(ISNUMBER('Массив данных'!C59),ISNUMBER('Массив данных'!G59)),0.5*('Массив данных'!C59+'Массив данных'!G59),"") -> 16.545 | D14: =IF(ISNUMBER('Массив данных'!D59),'Массив данных'!D59,"") -> 21.7 | E14: =IF(AND(ISNUMBER('Массив данных'!G59),ISNUMBER('Массив данных'!K59)),0.5*('Массив данных'!G59+'Массив данных'!K59),"") -> 15.225 | F14: =IF(ISNUMBER('Массив данных'!G59),'Массив данных'!G59,"") -> 15.71 | G14: =IF(AND(ISNUMBER('Массив данных'!K59),ISNUMBER('Массив данных'!Q59)),0.5*('Массив данных'!K59+'Массив данных'!Q59),"") -> 14.655 | H14: =IF(AND(ISNUMBER('Массив данных'!L59),ISNUMBER('Массив данных'!N59),ISNUMBER('Массив данных'!P59),ISNUMBER('Массив данных'!R59)),MAX('Массив данных'!L59,'Массив данных'!N59,'Массив данных'!P59,'Массив данных'!R59),"") -> 15.34
A15: 10 | B15: 1995 | C15: =IF(AND(ISNUMBER('Массив данных'!C60),ISNUMBER('Массив данных'!G60)),0.5*('Массив данных'!C60+'Массив данных'!G60),"") -> 16.125 | D15: =IF(ISNUMBER('Массив данных'!D60),'Массив данных'!D60,"") -> 21.93 | E15: =IF(AND(ISNUMBER('Массив данных'!G60),ISNUMBER('Массив данных'!K60)),0.5*('Массив данных'!G60+'Массив данных'!K60),"") -> 15.175 | F15: =IF(ISNUMBER('Массив данных'!G60),'Массив данных'!G60,"") -> 15.54 | G15: =IF(AND(ISNUMBER('Массив данных'!K60),ISNUMBER('Массив данных'!Q60)),0.5*('Массив данных'!K60+'Массив данных'!Q60),"") -> 14.75 | H15: =IF(AND(ISNUMBER('Массив данных'!L60),ISNUMBER('Массив данных'!N60),ISNUMBER('Массив данных'!P60),ISNUMBER('Массив данных'!R60)),MAX('Массив данных'!L60,'Массив данных'!N60,'Массив данных'!P60,'Массив данных'!R60),"") -> 15.58
A16: 11 | B16: 1996 | C16: =IF(AND(ISNUMBER('Массив данных'!C61),ISNUMBER('Массив данных'!G61)),0.5*('Массив данных'!C61+'Массив данных'!G61),"") -> 15.235 | D16: =IF(ISNUMBER('Массив данных'!D61),'Массив данных'!D61,"") -> 19.65 | E16: =IF(AND(ISNUMBER('Массив данных'!G61),ISNUMBER('Массив данных'!K61)),0.5*('Массив данных'!G61+'Массив данных'!K61),"") -> 14.705 | F16: =IF(ISNUMBER('Массив данных'!G61),'Массив данных'!G61,"") -> 14.87 | G16: =IF(AND(ISNUMBER('Массив данных'!K61),ISNUMBER('Массив данных'!Q61)),0.5*('Массив данных'!K61+'Массив данных'!Q61),"") -> 14.525 | H16: =IF(AND(ISNUMBER('Массив данных'!L61),ISNUMBER('Массив данных'!N61),ISNUMBER('Массив данных'!P61),ISNUMBER('Массив данных'!R61)),MAX('Массив данных'!L61,'Массив данных'!N61,'Массив данных'!P61,'Массив данных'!R61),"") -> 15.28
A17: 12 | B17: 1997 | C17: =IF(AND(ISNUMBER('Массив данных'!C62),ISNUMBER('Массив данных'!G62)),0.5*('Массив данных'!C62+'Массив данных'!G62),"") -> 15.78 | D17: =IF(ISNUMBER('Массив данных'!D62),'Массив данных'!D62,"") -> 20.96 | E17: =IF(AND(ISNUMBER('Массив данных'!G62),ISNUMBER('Массив данных'!K62)),0.5*('Массив данных'!G62+'Массив данных'!K62),"") -> 15.02 | F17: =IF(ISNUMBER('Массив данных'!G62),'Массив данных'!G62,"") -> 15.31 | G17: =IF(AND(ISNUMBER('Массив данных'!K62),ISNUMBER('Массив данных'!Q62)),0.5*('Массив данных'!K62+'Массив данных'!Q62),"") -> 14.685 | H17: =IF(AND(ISNUMBER('Массив данных'!L62),ISNUMBER('Массив данных'!N62),ISNUMBER('Массив данных'!P62),ISNUMBER('Массив данных'!R62)),MAX('Массив данных'!L62,'Массив данных'!N62,'Массив данных'!P62,'Массив данных'!R62),"") -> 15.5
... A36: 31 | B36: 2016 | C36: =IF(AND(ISNUMBER('Массив данных'!C81),ISNUMBER('Массив данных'!G81)),0.5*('Массив данных'!C81+'Массив данных'!G81),"") -> 15.94 | D36: =IF(ISNUMBER('Массив данных'!D81),'Массив данных'!D81,"") -> 21.68 | E36: =IF(AND(ISNUMBER('Массив данных'!G81),ISNUMBER('Массив данных'!K81)),0.5*('Массив данных'!G81+'Массив данных'!K81),"") -> 15.135 | F36: =IF(ISNUMBER('Массив данных'!G81),'Массив данных'!G81,"") -> 15.43 | G36: =IF(AND(ISNUMBER('Массив данных'!K81),ISNUMBER('Массив данных'!Q81)),0.5*('Массив данных'!K81+'Массив данных'!Q81),"") -> 14.785 | H36: =IF(AND(ISNUMBER('Массив данных'!L81),ISNUMBER('Массив данных'!N81),ISNUMBER('Массив данных'!P81),ISNUMBER('Массив данных'!R81)),MAX('Массив данных'!L81,'Массив данных'!N81,'Массив данных'!P81,'Массив данных'!R81),"") -> 15.6
A37: 32 | B37: 2017 | C37: =IF(AND(ISNUMBER('Массив данных'!C82),ISNUMBER('Массив данных'!G82)),0.5*('Массив данных'!C82+'Массив данных'!G82),"") -> 16.055 | D37: =IF(ISNUMBER('Массив данных'!D82),'Массив данных'!D82,"") -> 20.72 | E37: =IF(AND(ISNUMBER('Массив данных'!G82),ISNUMBER('Массив данных'!K82)),0.5*('Массив данных'!G82+'Массив данных'!K82),"") -> 15.19 | F37: =IF(ISNUMBER('Массив данных'!G82),'Массив данных'!G82,"") -> 15.54 | G37: =IF(AND(ISNUMBER('Массив данных'!K82),ISNUMBER('Массив данных'!Q82)),0.5*('Массив данных'!K82+'Массив данных'!Q82),"") -> 14.78 | H37: =IF(AND(ISNUMBER('Массив данных'!L82),ISNUMBER('Массив данных'!N82),ISNUMBER('Массив данных'!P82),ISNUMBER('Массив данных'!R82)),MAX('Массив данных'!L82,'Массив данных'!N82,'Массив данных'!P82,'Массив данных'!R82),"") -> 15.45 | J37: 2. Средний (Озерно-речной) участок Волгоградского вдхр (Маркс - Ровное):
A38: 33 | B38: 2018 | C38: =IF(AND(ISNUMBER('Массив данных'!C83),ISNUMBER('Массив данных'!G83)),0.5*('Массив данных'!C83+'Массив данных'!G83),"") -> 15.845 | D38: =IF(ISNUMBER('Массив данных'!D83),'Массив данных'!D83,"") -> 21.38 | E38: =IF(AND(ISNUMBER('Массив данных'!G83),ISNUMBER('Массив данных'!K83)),0.5*('Массив данных'!G83+'Массив данных'!K83),"") -> 14.96 | F38: =IF(ISNUMBER('Массив данных'!G83),'Массив данных'!G83,"") -> 15.22 | G38: =IF(AND(ISNUMBER('Массив данных'!K83),ISNUMBER('Массив данных'!Q83)),0.5*('Массив данных'!K83+'Массив данных'!Q83),"") -> 14.64 | H38: =IF(AND(ISNUMBER('Массив данных'!L83),ISNUMBER('Массив данных'!N83),ISNUMBER('Массив данных'!P83),ISNUMBER('Массив данных'!R83)),MAX('Массив данных'!L83,'Массив данных'!N83,'Массив данных'!P83,'Массив данных'!R83),"") -> 15.2
A39: Среднемноголетний уровень за период 1986-2018 гг. | G39: =AVERAGE(G6:G38) -> 14.670152 | H39: =AVERAGE(H6:H38) -> 15.431515
J69: 3. Нижний (Озерный) участок Волгоградского вдхр (Ровное - Волжский):
C92: Озерный участок

Sheet Лист3
